<?xml version="1.0" encoding="UTF-8"?>
<GenRun Id="impl_1" LaunchPart="xc7a100tcsg324-1" LaunchTime="1670447533">
  <File Type="ROUTE-PWR" Name="FourBitComparator_power_routed.rpt"/>
  <File Type="PA-TCL" Name="FourBitComparator.tcl"/>
  <File Type="BITSTR-BMM" Name="FourBitComparator_bd.bmm"/>
  <File Type="ROUTE-PWR-SUM" Name="FourBitComparator_power_summary_routed.pb"/>
  <File Type="REPORTS-TCL" Name="FourBitComparator_reports.tcl"/>
  <File Type="OPT-DCP" Name="FourBitComparator_opt.dcp"/>
  <File Type="OPT-DRC" Name="FourBitComparator_drc_opted.rpt"/>
  <File Type="OPT-HWDEF" Name="FourBitComparator.hwdef"/>
  <File Type="PWROPT-DCP" Name="FourBitComparator_pwropt.dcp"/>
  <File Type="PLACE-DCP" Name="FourBitComparator_placed.dcp"/>
  <File Type="PLACE-IO" Name="FourBitComparator_io_placed.rpt"/>
  <File Type="PLACE-UTIL" Name="FourBitComparator_utilization_placed.rpt"/>
  <File Type="PLACE-UTIL-PB" Name="FourBitComparator_utilization_placed.pb"/>
  <File Type="PLACE-CTRL" Name="FourBitComparator_control_sets_placed.rpt"/>
  <File Type="PLACE-PRE-SIMILARITY" Name="FourBitComparator_incremental_reuse_pre_placed.rpt"/>
  <File Type="BG-BGN" Name="FourBitComparator.bgn"/>
  <File Type="POSTPLACE-PWROPT-DCP" Name="FourBitComparator_postplace_pwropt.dcp"/>
  <File Type="BG-BIN" Name="FourBitComparator.bin"/>
  <File Type="PHYSOPT-DCP" Name="FourBitComparator_physopt.dcp"/>
  <File Type="BITSTR-MSK" Name="FourBitComparator.msk"/>
  <File Type="ROUTE-ERROR-DCP" Name="FourBitComparator_routed_error.dcp"/>
  <File Type="ROUTE-DCP" Name="FourBitComparator_routed.dcp"/>
  <File Type="ROUTE-BLACKBOX-DCP" Name="FourBitComparator_routed_bb.dcp"/>
  <File Type="ROUTE-DRC" Name="FourBitComparator_drc_routed.rpt"/>
  <File Type="ROUTE-DRC-PB" Name="FourBitComparator_drc_routed.pb"/>
  <File Type="ROUTE-DRC-RPX" Name="FourBitComparator_drc_routed.rpx"/>
  <File Type="BITSTR-LTX" Name="FourBitComparator.ltx"/>
  <File Type="ROUTE-METHODOLOGY-DRC" Name="FourBitComparator_methodology_drc_routed.rpt"/>
  <File Type="BITSTR-MMI" Name="FourBitComparator.mmi"/>
  <File Type="ROUTE-METHODOLOGY-DRC-RPX" Name="FourBitComparator_methodology_drc_routed.rpx"/>
  <File Type="ROUTE-METHODOLOGY-DRC-PB" Name="FourBitComparator_methodology_drc_routed.pb"/>
  <File Type="BITSTR-SYSDEF" Name="FourBitComparator.sysdef"/>
  <File Type="ROUTE-PWR-RPX" Name="FourBitComparator_power_routed.rpx"/>
  <File Type="ROUTE-STATUS" Name="FourBitComparator_route_status.rpt"/>
  <File Type="ROUTE-STATUS-PB" Name="FourBitComparator_route_status.pb"/>
  <File Type="ROUTE-TIMINGSUMMARY" Name="FourBitComparator_timing_summary_routed.rpt"/>
  <File Type="ROUTE-TIMING-PB" Name="FourBitComparator_timing_summary_routed.pb"/>
  <File Type="ROUTE-TIMING-RPX" Name="FourBitComparator_timing_summary_routed.rpx"/>
  <File Type="ROUTE-CLK" Name="FourBitComparator_clock_utilization_routed.rpt"/>
  <File Type="ROUTE-BUS-SKEW" Name="FourBitComparator_bus_skew_routed.rpt"/>
  <File Type="ROUTE-BUS-SKEW-PB" Name="FourBitComparator_bus_skew_routed.pb"/>
  <File Type="ROUTE-BUS-SKEW-RPX" Name="FourBitComparator_bus_skew_routed.rpx"/>
  <File Type="POSTROUTE-PHYSOPT-DCP" Name="FourBitComparator_postroute_physopt.dcp"/>
  <File Type="POSTROUTE-PHYSOPT-BLACKBOX-DCP" Name="FourBitComparator_postroute_physopt_bb.dcp"/>
  <File Type="BG-BIT" Name="FourBitComparator.bit"/>
  <File Type="BITSTR-RBT" Name="FourBitComparator.rbt"/>
  <File Type="BITSTR-NKY" Name="FourBitComparator.nky"/>
  <File Type="BG-DRC" Name="FourBitComparator.drc"/>
  <File Type="RDI-RDI" Name="FourBitComparator.vdi"/>
  <File Type="WBT-USG" Name="usage_statistics_webtalk.html"/>
  <FileSet Name="sources" Type="DesignSrcs" RelSrcDir="$PSRCDIR/sources_1">
    <Filter Type="Srcs"/>
    <File Path="$PSRCDIR/sources_1/new/FourBitComparator.v">
      <FileInfo>
        <Attr Name="ImportPath" Val="$PPRDIR/../cs303_lab3/cs303_lab3.srcs/sources_1/new/FourBitComparator.v"/>
        <Attr Name="ImportTime" Val="1670446344"/>
        <Attr Name="UsedIn" Val="synthesis"/>
        <Attr Name="UsedIn" Val="implementation"/>
        <Attr Name="UsedIn" Val="simulation"/>
      </FileInfo>
    </File>
    <Config>
      <Option Name="DesignMode" Val="RTL"/>
      <Option Name="TopModule" Val="FourBitComparator"/>
      <Option Name="TopAutoSet" Val="TRUE"/>
    </Config>
  </FileSet>
  <FileSet Name="constrs_in" Type="Constrs" RelSrcDir="$PSRCDIR/constrs_1">
    <Filter Type="Constrs"/>
    <File Path="$PSRCDIR/constrs_1/new/cons.xdc">
      <FileInfo>
        <Attr Name="ImportPath" Val="$PPRDIR/../cs303_lab3/cs303_lab3.srcs/constrs_1/new/cons.xdc"/>
        <Attr Name="ImportTime" Val="1670447469"/>
        <Attr Name="UsedIn" Val="synthesis"/>
        <Attr Name="UsedIn" Val="implementation"/>
      </FileInfo>
    </File>
    <Config>
      <Option Name="ConstrsType" Val="XDC"/>
    </Config>
  </FileSet>
  <Strategy Version="1" Minor="2">
    <StratHandle Name="Vivado Implementation Defaults" Flow="Vivado Implementation 2018"/>
    <Step Id="init_design"/>
    <Step Id="opt_design"/>
    <Step Id="power_opt_design"/>
    <Step Id="place_design"/>
    <Step Id="post_place_power_opt_design"/>
    <Step Id="phys_opt_design"/>
    <Step Id="route_design"/>
    <Step Id="post_route_phys_opt_design"/>
    <Step Id="write_bitstream"/>
  </Strategy>
</GenRun>
