<?xml version="1.0" encoding="UTF-8"?>
<GenRun Id="synth_1" LaunchPart="xc7a100tcsg324-1" LaunchTime="1670447494">
  <File Type="PA-TCL" Name="FourBitComparator.tcl"/>
  <File Type="REPORTS-TCL" Name="FourBitComparator_reports.tcl"/>
  <File Type="RDS-RDS" Name="FourBitComparator.vds"/>
  <File Type="RDS-UTIL" Name="FourBitComparator_utilization_synth.rpt"/>
  <File Type="RDS-UTIL-PB" Name="FourBitComparator_utilization_synth.pb"/>
  <File Type="RDS-DCP" Name="FourBitComparator.dcp"/>
  <FileSet Name="sources" Type="DesignSrcs" RelSrcDir="$PSRCDIR/sources_1">
    <Filter Type="Srcs"/>
    <File Path="$PSRCDIR/sources_1/new/FourBitComparator.v">
      <FileInfo>
        <Attr Name="ImportPath" Val="$PPRDIR/../cs303_lab3/cs303_lab3.srcs/sources_1/new/FourBitComparator.v"/>
        <Attr Name="ImportTime" Val="1670446344"/>
        <Attr Name="UsedIn" Val="synthesis"/>
        <Attr Name="UsedIn" Val="implementation"/>
        <Attr Name="UsedIn" Val="simulation"/>
      </FileInfo>
    </File>
    <Config>
      <Option Name="DesignMode" Val="RTL"/>
      <Option Name="TopModule" Val="FourBitComparator"/>
      <Option Name="TopAutoSet" Val="TRUE"/>
    </Config>
  </FileSet>
  <FileSet Name="constrs_in" Type="Constrs" RelSrcDir="$PSRCDIR/constrs_1">
    <Filter Type="Constrs"/>
    <File Path="$PSRCDIR/constrs_1/new/cons.xdc">
      <FileInfo>
        <Attr Name="ImportPath" Val="$PPRDIR/../cs303_lab3/cs303_lab3.srcs/constrs_1/new/cons.xdc"/>
        <Attr Name="ImportTime" Val="1670447469"/>
        <Attr Name="UsedIn" Val="synthesis"/>
        <Attr Name="UsedIn" Val="implementation"/>
      </FileInfo>
    </File>
    <Config>
      <Option Name="ConstrsType" Val="XDC"/>
    </Config>
  </FileSet>
  <Strategy Version="1" Minor="2">
    <StratHandle Name="Vivado Synthesis Defaults" Flow="Vivado Synthesis 2018"/>
    <Step Id="synth_design"/>
  </Strategy>
</GenRun>
